County,Day,Cases
Alachua,0,0
Baker,0,0
Bay,0,0
Bradford,0,0
Brevard,0,0
Broward,0,0
Calhoun,0,0
Charlotte,0,0
Citrus,0,0
Clay,0,0
Collier,0,0
Columbia,0,0
Dade,0,0
Desoto,0,0
Dixie,0,0
Duval,0,0
Escambia,0,0
Flagler,0,0
Franklin,0,0
Gadsden,0,0
Gilchrist,0,0
Glades,0,0
Gulf,0,0
Hamilton,0,0
Hardee,0,0
Hendry,0,0
Hernando,0,0
Highlands,0,0
Hillsborough,0,1
Holmes,0,0
Indian River,0,0
Jackson,0,0
Jefferson,0,0
Lafayette,0,0
Lake,0,0
Lee,0,0
Leon,0,0
Levy,0,0
Liberty,0,0
Madison,0,0
Manatee,0,1
Marion,0,0
Martin,0,0
Monroe,0,0
Nassau,0,0
Okaloosa,0,0
Okeechobee,0,0
Orange,0,0
Osceola,0,0
Palm Beach,0,0
Pasco,0,0
Pinellas,0,0
Polk,0,0
Putnam,0,0
Santa Rosa,0,0
Sarasota,0,0
Seminole,0,0
St. Johns,0,0
St. Lucie,0,0
Sumter,0,0
Suwannee,0,0
Taylor,0,0
Union,0,0
Unknown,0,0
Volusia,0,0
Wakulla,0,0
Walton,0,0
Washington,0,0
Saint Johns,0,0
Saint Lucie,0,0
Florida,0,2
Alachua,1,0
Baker,1,0
Bay,1,0
Bradford,1,0
Brevard,1,0
Broward,1,0
Calhoun,1,0
Charlotte,1,0
Citrus,1,0
Clay,1,0
Collier,1,0
Columbia,1,0
Dade,1,0
Desoto,1,0
Dixie,1,0
Duval,1,0
Escambia,1,0
Flagler,1,0
Franklin,1,0
Gadsden,1,1
Gilchrist,1,0
Glades,1,0
Gulf,1,0
Hamilton,1,0
Hardee,1,0
Hendry,1,0
Hernando,1,0
Highlands,1,0
Hillsborough,1,1
Holmes,1,0
Indian River,1,0
Jackson,1,0
Jefferson,1,0
Lafayette,1,0
Lake,1,0
Lee,1,0
Leon,1,0
Levy,1,0
Liberty,1,0
Madison,1,0
Manatee,1,0
Marion,1,0
Martin,1,0
Monroe,1,0
Nassau,1,0
Okaloosa,1,0
Okeechobee,1,0
Orange,1,0
Osceola,1,0
Palm Beach,1,0
Pasco,1,0
Pinellas,1,0
Polk,1,0
Putnam,1,0
Santa Rosa,1,0
Sarasota,1,0
Seminole,1,0
St. Johns,1,0
St. Lucie,1,0
Sumter,1,0
Suwannee,1,0
Taylor,1,0
Union,1,0
Unknown,1,0
Volusia,1,0
Wakulla,1,0
Walton,1,0
Washington,1,0
Saint Johns,1,0
Saint Lucie,1,0
Florida,1,2
Alachua,2,0
Baker,2,0
Bay,2,0
Bradford,2,0
Brevard,2,0
Broward,2,0
Calhoun,2,0
Charlotte,2,0
Citrus,2,0
Clay,2,0
Collier,2,0
Columbia,2,0
Dade,2,1
Desoto,2,0
Dixie,2,0
Duval,2,0
Escambia,2,0
Flagler,2,0
Franklin,2,0
Gadsden,2,0
Gilchrist,2,0
Glades,2,0
Gulf,2,0
Hamilton,2,0
Hardee,2,0
Hendry,2,0
Hernando,2,0
Highlands,2,0
Hillsborough,2,0
Holmes,2,0
Indian River,2,0
Jackson,2,0
Jefferson,2,0
Lafayette,2,0
Lake,2,0
Lee,2,0
Leon,2,1
Levy,2,0
Liberty,2,0
Madison,2,0
Manatee,2,0
Marion,2,0
Martin,2,0
Monroe,2,0
Nassau,2,0
Okaloosa,2,1
Okeechobee,2,0
Orange,2,0
Osceola,2,0
Palm Beach,2,1
Pasco,2,0
Pinellas,2,0
Polk,2,0
Putnam,2,0
Santa Rosa,2,0
Sarasota,2,0
Seminole,2,0
St. Johns,2,0
St. Lucie,2,0
Sumter,2,0
Suwannee,2,0
Taylor,2,0
Union,2,0
Unknown,2,0
Volusia,2,0
Wakulla,2,0
Walton,2,0
Washington,2,0
Saint Johns,2,0
Saint Lucie,2,0
Florida,2,4
Alachua,3,0
Baker,3,0
Bay,3,0
Bradford,3,0
Brevard,3,0
Broward,3,0
Calhoun,3,0
Charlotte,3,0
Citrus,3,0
Clay,3,0
Collier,3,0
Columbia,3,0
Dade,3,0
Desoto,3,0
Dixie,3,0
Duval,3,0
Escambia,3,0
Flagler,3,0
Franklin,3,0
Gadsden,3,0
Gilchrist,3,0
Glades,3,0
Gulf,3,0
Hamilton,3,0
Hardee,3,0
Hendry,3,0
Hernando,3,0
Highlands,3,0
Hillsborough,3,0
Holmes,3,0
Indian River,3,0
Jackson,3,0
Jefferson,3,0
Lafayette,3,0
Lake,3,0
Lee,3,0
Leon,3,0
Levy,3,0
Liberty,3,0
Madison,3,0
Manatee,3,0
Marion,3,0
Martin,3,0
Monroe,3,0
Nassau,3,0
Okaloosa,3,0
Okeechobee,3,0
Orange,3,0
Osceola,3,0
Palm Beach,3,0
Pasco,3,0
Pinellas,3,0
Polk,3,0
Putnam,3,0
Santa Rosa,3,1
Sarasota,3,0
Seminole,3,0
St. Johns,3,0
St. Lucie,3,0
Sumter,3,0
Suwannee,3,0
Taylor,3,0
Union,3,0
Unknown,3,0
Volusia,3,0
Wakulla,3,0
Walton,3,0
Washington,3,0
Saint Johns,3,0
Saint Lucie,3,0
Florida,3,1
Alachua,4,0
Baker,4,0
Bay,4,0
Bradford,4,0
Brevard,4,0
Broward,4,0
Calhoun,4,0
Charlotte,4,0
Citrus,4,0
Clay,4,0
Collier,4,0
Columbia,4,0
Dade,4,0
Desoto,4,0
Dixie,4,0
Duval,4,0
Escambia,4,0
Flagler,4,0
Franklin,4,0
Gadsden,4,0
Gilchrist,4,0
Glades,4,0
Gulf,4,0
Hamilton,4,0
Hardee,4,0
Hendry,4,0
Hernando,4,0
Highlands,4,0
Hillsborough,4,0
Holmes,4,0
Indian River,4,0
Jackson,4,0
Jefferson,4,0
Lafayette,4,0
Lake,4,0
Lee,4,0
Leon,4,0
Levy,4,0
Liberty,4,0
Madison,4,0
Manatee,4,0
Marion,4,0
Martin,4,0
Monroe,4,0
Nassau,4,0
Okaloosa,4,0
Okeechobee,4,0
Orange,4,0
Osceola,4,0
Palm Beach,4,0
Pasco,4,0
Pinellas,4,0
Polk,4,0
Putnam,4,0
Santa Rosa,4,0
Sarasota,4,0
Seminole,4,0
St. Johns,4,0
St. Lucie,4,0
Sumter,4,0
Suwannee,4,0
Taylor,4,0
Union,4,0
Unknown,4,0
Volusia,4,0
Wakulla,4,0
Walton,4,0
Washington,4,0
Saint Johns,4,0
Saint Lucie,4,0
Florida,4,0
Alachua,5,0
Baker,5,0
Bay,5,0
Bradford,5,0
Brevard,5,0
Broward,5,2
Calhoun,5,0
Charlotte,5,0
Citrus,5,0
Clay,5,0
Collier,5,0
Columbia,5,0
Dade,5,0
Desoto,5,0
Dixie,5,0
Duval,5,0
Escambia,5,0
Flagler,5,0
Franklin,5,0
Gadsden,5,0
Gilchrist,5,0
Glades,5,0
Gulf,5,0
Hamilton,5,0
Hardee,5,0
Hendry,5,0
Hernando,5,0
Highlands,5,0
Hillsborough,5,0
Holmes,5,0
Indian River,5,0
Jackson,5,0
Jefferson,5,0
Lafayette,5,0
Lake,5,0
Lee,5,2
Leon,5,0
Levy,5,0
Liberty,5,0
Madison,5,0
Manatee,5,0
Marion,5,0
Martin,5,0
Monroe,5,0
Nassau,5,0
Okaloosa,5,0
Okeechobee,5,0
Orange,5,0
Osceola,5,0
Palm Beach,5,0
Pasco,5,0
Pinellas,5,0
Polk,5,0
Putnam,5,0
Santa Rosa,5,0
Sarasota,5,0
Seminole,5,0
St. Johns,5,0
St. Lucie,5,0
Sumter,5,0
Suwannee,5,0
Taylor,5,0
Union,5,0
Unknown,5,0
Volusia,5,0
Wakulla,5,0
Walton,5,0
Washington,5,0
Saint Johns,5,0
Saint Lucie,5,0
Florida,5,4
Alachua,6,0
Baker,6,0
Bay,6,0
Bradford,6,0
Brevard,6,0
Broward,6,0
Calhoun,6,0
Charlotte,6,0
Citrus,6,0
Clay,6,0
Collier,6,0
Columbia,6,0
Dade,6,0
Desoto,6,0
Dixie,6,0
Duval,6,0
Escambia,6,0
Flagler,6,0
Franklin,6,0
Gadsden,6,0
Gilchrist,6,0
Glades,6,0
Gulf,6,0
Hamilton,6,0
Hardee,6,0
Hendry,6,0
Hernando,6,0
Highlands,6,0
Hillsborough,6,0
Holmes,6,0
Indian River,6,0
Jackson,6,0
Jefferson,6,0
Lafayette,6,0
Lake,6,0
Lee,6,0
Leon,6,0
Levy,6,0
Liberty,6,0
Madison,6,0
Manatee,6,0
Marion,6,0
Martin,6,0
Monroe,6,0
Nassau,6,0
Okaloosa,6,0
Okeechobee,6,0
Orange,6,0
Osceola,6,0
Palm Beach,6,0
Pasco,6,0
Pinellas,6,0
Polk,6,0
Putnam,6,0
Santa Rosa,6,0
Sarasota,6,0
Seminole,6,0
St. Johns,6,0
St. Lucie,6,0
Sumter,6,0
Suwannee,6,0
Taylor,6,0
Union,6,0
Unknown,6,0
Volusia,6,1
Wakulla,6,0
Walton,6,0
Washington,6,0
Saint Johns,6,0
Saint Lucie,6,0
Florida,6,1
Alachua,7,0
Baker,7,0
Bay,7,0
Bradford,7,0
Brevard,7,0
Broward,7,1
Calhoun,7,0
Charlotte,7,1
Citrus,7,0
Clay,7,0
Collier,7,0
Columbia,7,0
Dade,7,0
Desoto,7,0
Dixie,7,0
Duval,7,0
Escambia,7,0
Flagler,7,0
Franklin,7,0
Gadsden,7,0
Gilchrist,7,0
Glades,7,0
Gulf,7,0
Hamilton,7,0
Hardee,7,0
Hendry,7,0
Hernando,7,0
Highlands,7,0
Hillsborough,7,0
Holmes,7,0
Indian River,7,0
Jackson,7,0
Jefferson,7,0
Lafayette,7,0
Lake,7,0
Lee,7,0
Leon,7,0
Levy,7,0
Liberty,7,0
Madison,7,0
Manatee,7,1
Marion,7,0
Martin,7,0
Monroe,7,0
Nassau,7,0
Okaloosa,7,1
Okeechobee,7,0
Orange,7,0
Osceola,7,0
Palm Beach,7,0
Pasco,7,0
Pinellas,7,0
Polk,7,0
Putnam,7,0
Santa Rosa,7,0
Sarasota,7,0
Seminole,7,0
St. Johns,7,0
St. Lucie,7,0
Sumter,7,0
Suwannee,7,0
Taylor,7,0
Union,7,0
Unknown,7,0
Volusia,7,1
Wakulla,7,0
Walton,7,0
Washington,7,0
Saint Johns,7,0
Saint Lucie,7,0
Florida,7,5
Alachua,8,1
Baker,8,0
Bay,8,0
Bradford,8,0
Brevard,8,0
Broward,8,1
Calhoun,8,0
Charlotte,8,0
Citrus,8,0
Clay,8,0
Collier,8,0
Columbia,8,0
Dade,8,0
Desoto,8,0
Dixie,8,0
Duval,8,0
Escambia,8,0
Flagler,8,0
Franklin,8,0
Gadsden,8,0
Gilchrist,8,0
Glades,8,0
Gulf,8,0
Hamilton,8,0
Hardee,8,0
Hendry,8,0
Hernando,8,0
Highlands,8,0
Hillsborough,8,0
Holmes,8,0
Indian River,8,0
Jackson,8,0
Jefferson,8,0
Lafayette,8,0
Lake,8,0
Lee,8,0
Leon,8,0
Levy,8,0
Liberty,8,0
Madison,8,0
Manatee,8,0
Marion,8,0
Martin,8,0
Monroe,8,0
Nassau,8,1
Okaloosa,8,0
Okeechobee,8,0
Orange,8,0
Osceola,8,0
Palm Beach,8,0
Pasco,8,0
Pinellas,8,0
Polk,8,0
Putnam,8,0
Santa Rosa,8,0
Sarasota,8,0
Seminole,8,0
St. Johns,8,0
St. Lucie,8,0
Sumter,8,0
Suwannee,8,0
Taylor,8,0
Union,8,0
Unknown,8,0
Volusia,8,0
Wakulla,8,0
Walton,8,0
Washington,8,0
Saint Johns,8,0
Saint Lucie,8,0
Florida,8,3
Alachua,9,0
Baker,9,0
Bay,9,0
Bradford,9,0
Brevard,9,0
Broward,9,0
Calhoun,9,0
Charlotte,9,0
Citrus,9,0
Clay,9,0
Collier,9,3
Columbia,9,0
Dade,9,0
Desoto,9,0
Dixie,9,0
Duval,9,0
Escambia,9,0
Flagler,9,0
Franklin,9,0
Gadsden,9,0
Gilchrist,9,0
Glades,9,0
Gulf,9,0
Hamilton,9,0
Hardee,9,0
Hendry,9,0
Hernando,9,0
Highlands,9,0
Hillsborough,9,0
Holmes,9,0
Indian River,9,0
Jackson,9,0
Jefferson,9,0
Lafayette,9,0
Lake,9,0
Lee,9,0
Leon,9,0
Levy,9,0
Liberty,9,0
Madison,9,0
Manatee,9,0
Marion,9,0
Martin,9,0
Monroe,9,0
Nassau,9,0
Okaloosa,9,0
Okeechobee,9,0
Orange,9,0
Osceola,9,0
Palm Beach,9,0
Pasco,9,1
Pinellas,9,2
Polk,9,0
Putnam,9,0
Santa Rosa,9,0
Sarasota,9,0
Seminole,9,0
St. Johns,9,0
St. Lucie,9,0
Sumter,9,0
Suwannee,9,0
Taylor,9,0
Union,9,0
Unknown,9,0
Volusia,9,0
Wakulla,9,0
Walton,9,0
Washington,9,0
Saint Johns,9,0
Saint Lucie,9,0
Florida,9,6
Alachua,10,0
Baker,10,0
Bay,10,0
Bradford,10,0
Brevard,10,0
Broward,10,3
Calhoun,10,0
Charlotte,10,0
Citrus,10,0
Clay,10,0
Collier,10,0
Columbia,10,0
Dade,10,1
Desoto,10,0
Dixie,10,0
Duval,10,0
Escambia,10,0
Flagler,10,0
Franklin,10,0
Gadsden,10,0
Gilchrist,10,0
Glades,10,0
Gulf,10,0
Hamilton,10,0
Hardee,10,0
Hendry,10,0
Hernando,10,0
Highlands,10,0
Hillsborough,10,0
Holmes,10,0
Indian River,10,0
Jackson,10,0
Jefferson,10,0
Lafayette,10,0
Lake,10,0
Lee,10,1
Leon,10,0
Levy,10,0
Liberty,10,0
Madison,10,0
Manatee,10,0
Marion,10,0
Martin,10,0
Monroe,10,0
Nassau,10,0
Okaloosa,10,0
Okeechobee,10,0
Orange,10,0
Osceola,10,0
Palm Beach,10,0
Pasco,10,0
Pinellas,10,0
Polk,10,0
Putnam,10,0
Santa Rosa,10,0
Sarasota,10,0
Seminole,10,1
St. Johns,10,1
St. Lucie,10,0
Sumter,10,0
Suwannee,10,0
Taylor,10,0
Union,10,0
Unknown,10,0
Volusia,10,0
Wakulla,10,0
Walton,10,0
Washington,10,0
Saint Johns,10,0
Saint Lucie,10,0
Florida,10,7
Alachua,11,1
Baker,11,0
Bay,11,0
Bradford,11,0
Brevard,11,0
Broward,11,5
Calhoun,11,0
Charlotte,11,0
Citrus,11,0
Clay,11,1
Collier,11,0
Columbia,11,0
Dade,11,2
Desoto,11,0
Dixie,11,0
Duval,11,1
Escambia,11,0
Flagler,11,0
Franklin,11,0
Gadsden,11,0
Gilchrist,11,0
Glades,11,0
Gulf,11,0
Hamilton,11,0
Hardee,11,0
Hendry,11,0
Hernando,11,0
Highlands,11,0
Hillsborough,11,1
Holmes,11,0
Indian River,11,0
Jackson,11,0
Jefferson,11,0
Lafayette,11,0
Lake,11,1
Lee,11,1
Leon,11,0
Levy,11,0
Liberty,11,0
Madison,11,0
Manatee,11,0
Marion,11,0
Martin,11,0
Monroe,11,0
Nassau,11,0
Okaloosa,11,0
Okeechobee,11,0
Orange,11,3
Osceola,11,3
Palm Beach,11,2
Pasco,11,0
Pinellas,11,0
Polk,11,0
Putnam,11,0
Santa Rosa,11,0
Sarasota,11,2
Seminole,11,0
St. Johns,11,0
St. Lucie,11,0
Sumter,11,0
Suwannee,11,0
Taylor,11,0
Union,11,0
Unknown,11,0
Volusia,11,1
Wakulla,11,0
Walton,11,0
Washington,11,0
Saint Johns,11,0
Saint Lucie,11,0
Florida,11,24
Alachua,12,1
Baker,12,0
Bay,12,0
Bradford,12,0
Brevard,12,0
Broward,12,13
Calhoun,12,0
Charlotte,12,0
Citrus,12,0
Clay,12,2
Collier,12,1
Columbia,12,0
Dade,12,10
Desoto,12,0
Dixie,12,0
Duval,12,0
Escambia,12,0
Flagler,12,0
Franklin,12,0
Gadsden,12,0
Gilchrist,12,0
Glades,12,0
Gulf,12,0
Hamilton,12,0
Hardee,12,0
Hendry,12,0
Hernando,12,0
Highlands,12,0
Hillsborough,12,3
Holmes,12,0
Indian River,12,0
Jackson,12,0
Jefferson,12,0
Lafayette,12,0
Lake,12,0
Lee,12,1
Leon,12,0
Levy,12,0
Liberty,12,0
Madison,12,0
Manatee,12,2
Marion,12,0
Martin,12,0
Monroe,12,0
Nassau,12,0
Okaloosa,12,0
Okeechobee,12,0
Orange,12,0
Osceola,12,1
Palm Beach,12,3
Pasco,12,1
Pinellas,12,0
Polk,12,0
Putnam,12,0
Santa Rosa,12,0
Sarasota,12,0
Seminole,12,3
St. Johns,12,1
St. Lucie,12,0
Sumter,12,0
Suwannee,12,0
Taylor,12,0
Union,12,0
Unknown,12,0
Volusia,12,3
Wakulla,12,0
Walton,12,0
Washington,12,0
Saint Johns,12,0
Saint Lucie,12,0
Florida,12,45
Alachua,13,0
Baker,13,0
Bay,13,0
Bradford,13,0
Brevard,13,0
Broward,13,16
Calhoun,13,0
Charlotte,13,0
Citrus,13,1
Clay,13,0
Collier,13,2
Columbia,13,0
Dade,13,8
Desoto,13,0
Dixie,13,0
Duval,13,3
Escambia,13,0
Flagler,13,0
Franklin,13,0
Gadsden,13,0
Gilchrist,13,0
Glades,13,0
Gulf,13,0
Hamilton,13,0
Hardee,13,0
Hendry,13,0
Hernando,13,0
Highlands,13,0
Hillsborough,13,0
Holmes,13,0
Indian River,13,0
Jackson,13,0
Jefferson,13,0
Lafayette,13,0
Lake,13,0
Lee,13,1
Leon,13,0
Levy,13,0
Liberty,13,0
Madison,13,0
Manatee,13,0
Marion,13,0
Martin,13,0
Monroe,13,0
Nassau,13,0
Okaloosa,13,0
Okeechobee,13,0
Orange,13,1
Osceola,13,0
Palm Beach,13,0
Pasco,13,0
Pinellas,13,0
Polk,13,0
Putnam,13,0
Santa Rosa,13,0
Sarasota,13,0
Seminole,13,0
St. Johns,13,0
St. Lucie,13,0
Sumter,13,0
Suwannee,13,0
Taylor,13,0
Union,13,0
Unknown,13,0
Volusia,13,1
Wakulla,13,0
Walton,13,0
Washington,13,0
Saint Johns,13,0
Saint Lucie,13,0
Florida,13,33
Alachua,14,1
Baker,14,0
Bay,14,0
Bradford,14,0
Brevard,14,0
Broward,14,6
Calhoun,14,0
Charlotte,14,0
Citrus,14,0
Clay,14,0
Collier,14,1
Columbia,14,0
Dade,14,7
Desoto,14,0
Dixie,14,0
Duval,14,1
Escambia,14,1
Flagler,14,0
Franklin,14,0
Gadsden,14,0
Gilchrist,14,0
Glades,14,0
Gulf,14,0
Hamilton,14,0
Hardee,14,0
Hendry,14,0
Hernando,14,0
Highlands,14,0
Hillsborough,14,0
Holmes,14,0
Indian River,14,0
Jackson,14,0
Jefferson,14,0
Lafayette,14,0
Lake,14,0
Lee,14,1
Leon,14,0
Levy,14,0
Liberty,14,0
Madison,14,0
Manatee,14,1
Marion,14,0
Martin,14,0
Monroe,14,0
Nassau,14,0
Okaloosa,14,0
Okeechobee,14,0
Orange,14,2
Osceola,14,1
Palm Beach,14,4
Pasco,14,0
Pinellas,14,2
Polk,14,0
Putnam,14,0
Santa Rosa,14,0
Sarasota,14,2
Seminole,14,0
St. Johns,14,1
St. Lucie,14,0
Sumter,14,0
Suwannee,14,0
Taylor,14,0
Union,14,0
Unknown,14,0
Volusia,14,1
Wakulla,14,0
Walton,14,0
Washington,14,0
Saint Johns,14,0
Saint Lucie,14,0
Florida,14,32
Alachua,15,2
Baker,15,0
Bay,15,0
Bradford,15,0
Brevard,15,1
Broward,15,8
Calhoun,15,0
Charlotte,15,0
Citrus,15,1
Clay,15,1
Collier,15,1
Columbia,15,0
Dade,15,26
Desoto,15,0
Dixie,15,0
Duval,15,5
Escambia,15,0
Flagler,15,0
Franklin,15,0
Gadsden,15,0
Gilchrist,15,0
Glades,15,0
Gulf,15,0
Hamilton,15,0
Hardee,15,0
Hendry,15,0
Hernando,15,0
Highlands,15,0
Hillsborough,15,6
Holmes,15,0
Indian River,15,0
Jackson,15,0
Jefferson,15,0
Lafayette,15,0
Lake,15,1
Lee,15,2
Leon,15,0
Levy,15,0
Liberty,15,0
Madison,15,0
Manatee,15,2
Marion,15,0
Martin,15,0
Monroe,15,0
Nassau,15,0
Okaloosa,15,1
Okeechobee,15,0
Orange,15,2
Osceola,15,3
Palm Beach,15,3
Pasco,15,0
Pinellas,15,1
Polk,15,1
Putnam,15,0
Santa Rosa,15,0
Sarasota,15,0
Seminole,15,2
St. Johns,15,0
St. Lucie,15,0
Sumter,15,0
Suwannee,15,0
Taylor,15,0
Union,15,0
Unknown,15,0
Volusia,15,1
Wakulla,15,0
Walton,15,0
Washington,15,0
Saint Johns,15,0
Saint Lucie,15,0
Florida,15,70
Alachua,16,3
Baker,16,0
Bay,16,0
Bradford,16,0
Brevard,16,1
Broward,16,27
Calhoun,16,0
Charlotte,16,0
Citrus,16,1
Clay,16,0
Collier,16,5
Columbia,16,0
Dade,16,24
Desoto,16,0
Dixie,16,0
Duval,16,3
Escambia,16,0
Flagler,16,0
Franklin,16,0
Gadsden,16,0
Gilchrist,16,0
Glades,16,0
Gulf,16,0
Hamilton,16,0
Hardee,16,0
Hendry,16,0
Hernando,16,0
Highlands,16,0
Hillsborough,16,2
Holmes,16,0
Indian River,16,0
Jackson,16,0
Jefferson,16,0
Lafayette,16,0
Lake,16,0
Lee,16,2
Leon,16,3
Levy,16,0
Liberty,16,0
Madison,16,0
Manatee,16,1
Marion,16,0
Martin,16,0
Monroe,16,0
Nassau,16,0
Okaloosa,16,1
Okeechobee,16,0
Orange,16,5
Osceola,16,2
Palm Beach,16,10
Pasco,16,1
Pinellas,16,8
Polk,16,1
Putnam,16,0
Santa Rosa,16,1
Sarasota,16,0
Seminole,16,2
St. Johns,16,2
St. Lucie,16,0
Sumter,16,1
Suwannee,16,0
Taylor,16,0
Union,16,0
Unknown,16,0
Volusia,16,0
Wakulla,16,0
Walton,16,1
Washington,16,0
Saint Johns,16,0
Saint Lucie,16,0
Florida,16,107
Alachua,17,2
Baker,17,0
Bay,17,0
Bradford,17,0
Brevard,17,1
Broward,17,14
Calhoun,17,0
Charlotte,17,0
Citrus,17,0
Clay,17,0
Collier,17,5
Columbia,17,0
Dade,17,21
Desoto,17,0
Dixie,17,0
Duval,17,1
Escambia,17,0
Flagler,17,0
Franklin,17,0
Gadsden,17,0
Gilchrist,17,0
Glades,17,0
Gulf,17,0
Hamilton,17,0
Hardee,17,0
Hendry,17,0
Hernando,17,4
Highlands,17,0
Hillsborough,17,5
Holmes,17,0
Indian River,17,1
Jackson,17,1
Jefferson,17,0
Lafayette,17,0
Lake,17,1
Lee,17,2
Leon,17,0
Levy,17,0
Liberty,17,0
Madison,17,0
Manatee,17,1
Marion,17,0
Martin,17,1
Monroe,17,0
Nassau,17,0
Okaloosa,17,1
Okeechobee,17,0
Orange,17,5
Osceola,17,4
Palm Beach,17,6
Pasco,17,2
Pinellas,17,4
Polk,17,2
Putnam,17,0
Santa Rosa,17,0
Sarasota,17,2
Seminole,17,0
St. Johns,17,0
St. Lucie,17,0
Sumter,17,1
Suwannee,17,0
Taylor,17,0
Union,17,0
Unknown,17,0
Volusia,17,0
Wakulla,17,0
Walton,17,0
Washington,17,0
Saint Johns,17,0
Saint Lucie,17,0
Florida,17,87
Alachua,18,5
Baker,18,1
Bay,18,0
Bradford,18,0
Brevard,18,1
Broward,18,31
Calhoun,18,0
Charlotte,18,1
Citrus,18,2
Clay,18,1
Collier,18,9
Columbia,18,0
Dade,18,23
Desoto,18,0
Dixie,18,0
Duval,18,4
Escambia,18,0
Flagler,18,0
Franklin,18,0
Gadsden,18,0
Gilchrist,18,0
Glades,18,0
Gulf,18,0
Hamilton,18,0
Hardee,18,0
Hendry,18,0
Hernando,18,0
Highlands,18,0
Hillsborough,18,14
Holmes,18,0
Indian River,18,2
Jackson,18,0
Jefferson,18,0
Lafayette,18,0
Lake,18,0
Lee,18,1
Leon,18,0
Levy,18,0
Liberty,18,0
Madison,18,0
Manatee,18,1
Marion,18,0
Martin,18,0
Monroe,18,1
Nassau,18,0
Okaloosa,18,4
Okeechobee,18,0
Orange,18,5
Osceola,18,0
Palm Beach,18,16
Pasco,18,3
Pinellas,18,5
Polk,18,6
Putnam,18,1
Santa Rosa,18,1
Sarasota,18,2
Seminole,18,3
St. Johns,18,4
St. Lucie,18,0
Sumter,18,0
Suwannee,18,0
Taylor,18,0
Union,18,0
Unknown,18,0
Volusia,18,1
Wakulla,18,0
Walton,18,2
Washington,18,0
Saint Johns,18,0
Saint Lucie,18,0
Florida,18,150
Alachua,19,13
Baker,19,0
Bay,19,1
Bradford,19,0
Brevard,19,1
Broward,19,38
Calhoun,19,0
Charlotte,19,0
Citrus,19,3
Clay,19,1
Collier,19,1
Columbia,19,1
Dade,19,51
Desoto,19,0
Dixie,19,0
Duval,19,15
Escambia,19,0
Flagler,19,0
Franklin,19,0
Gadsden,19,0
Gilchrist,19,0
Glades,19,0
Gulf,19,0
Hamilton,19,0
Hardee,19,0
Hendry,19,0
Hernando,19,1
Highlands,19,1
Hillsborough,19,17
Holmes,19,0
Indian River,19,3
Jackson,19,0
Jefferson,19,0
Lafayette,19,0
Lake,19,2
Lee,19,4
Leon,19,1
Levy,19,0
Liberty,19,0
Madison,19,0
Manatee,19,3
Marion,19,2
Martin,19,0
Monroe,19,0
Nassau,19,0
Okaloosa,19,3
Okeechobee,19,0
Orange,19,7
Osceola,19,8
Palm Beach,19,14
Pasco,19,0
Pinellas,19,7
Polk,19,1
Putnam,19,0
Santa Rosa,19,0
Sarasota,19,7
Seminole,19,4
St. Johns,19,2
St. Lucie,19,1
Sumter,19,2
Suwannee,19,0
Taylor,19,0
Union,19,0
Unknown,19,0
Volusia,19,2
Wakulla,19,0
Walton,19,0
Washington,19,0
Saint Johns,19,0
Saint Lucie,19,0
Florida,19,217
Alachua,20,5
Baker,20,2
Bay,20,0
Bradford,20,1
Brevard,20,2
Broward,20,69
Calhoun,20,0
Charlotte,20,1
Citrus,20,1
Clay,20,2
Collier,20,6
Columbia,20,1
Dade,20,84
Desoto,20,1
Dixie,20,0
Duval,20,7
Escambia,20,4
Flagler,20,3
Franklin,20,0
Gadsden,20,0
Gilchrist,20,0
Glades,20,0
Gulf,20,0
Hamilton,20,0
Hardee,20,0
Hendry,20,0
Hernando,20,0
Highlands,20,1
Hillsborough,20,15
Holmes,20,0
Indian River,20,2
Jackson,20,0
Jefferson,20,0
Lafayette,20,0
Lake,20,3
Lee,20,10
Leon,20,1
Levy,20,0
Liberty,20,0
Madison,20,0
Manatee,20,1
Marion,20,1
Martin,20,1
Monroe,20,1
Nassau,20,0
Okaloosa,20,2
Okeechobee,20,0
Orange,20,9
Osceola,20,2
Palm Beach,20,28
Pasco,20,5
Pinellas,20,10
Polk,20,0
Putnam,20,1
Santa Rosa,20,0
Sarasota,20,5
Seminole,20,3
St. Johns,20,8
St. Lucie,20,2
Sumter,20,4
Suwannee,20,0
Taylor,20,0
Union,20,0
Unknown,20,0
Volusia,20,2
Wakulla,20,0
Walton,20,0
Washington,20,0
Saint Johns,20,0
Saint Lucie,20,0
Florida,20,306
Alachua,21,2
Baker,21,0
Bay,21,0
Bradford,21,0
Brevard,21,0
Broward,21,43
Calhoun,21,0
Charlotte,21,0
Citrus,21,0
Clay,21,0
Collier,21,5
Columbia,21,1
Dade,21,38
Desoto,21,0
Dixie,21,0
Duval,21,10
Escambia,21,4
Flagler,21,1
Franklin,21,0
Gadsden,21,0
Gilchrist,21,0
Glades,21,0
Gulf,21,0
Hamilton,21,0
Hardee,21,0
Hendry,21,0
Hernando,21,0
Highlands,21,1
Hillsborough,21,18
Holmes,21,0
Indian River,21,2
Jackson,21,0
Jefferson,21,0
Lafayette,21,0
Lake,21,3
Lee,21,3
Leon,21,0
Levy,21,0
Liberty,21,0
Madison,21,0
Manatee,21,3
Marion,21,1
Martin,21,2
Monroe,21,0
Nassau,21,0
Okaloosa,21,0
Okeechobee,21,0
Orange,21,11
Osceola,21,2
Palm Beach,21,7
Pasco,21,1
Pinellas,21,5
Polk,21,3
Putnam,21,0
Santa Rosa,21,1
Sarasota,21,3
Seminole,21,4
St. Johns,21,3
St. Lucie,21,2
Sumter,21,5
Suwannee,21,0
Taylor,21,0
Union,21,0
Unknown,21,0
Volusia,21,3
Wakulla,21,0
Walton,21,6
Washington,21,0
Saint Johns,21,0
Saint Lucie,21,0
Florida,21,193
Alachua,22,9
Baker,22,1
Bay,22,0
Bradford,22,0
Brevard,22,4
Broward,22,41
Calhoun,22,0
Charlotte,22,0
Citrus,22,0
Clay,22,5
Collier,22,6
Columbia,22,0
Dade,22,88
Desoto,22,0
Dixie,22,0
Duval,22,1
Escambia,22,5
Flagler,22,1
Franklin,22,0
Gadsden,22,0
Gilchrist,22,0
Glades,22,0
Gulf,22,0
Hamilton,22,0
Hardee,22,0
Hendry,22,0
Hernando,22,3
Highlands,22,2
Hillsborough,22,17
Holmes,22,0
Indian River,22,2
Jackson,22,0
Jefferson,22,0
Lafayette,22,0
Lake,22,5
Lee,22,11
Leon,22,2
Levy,22,0
Liberty,22,0
Madison,22,0
Manatee,22,5
Marion,22,1
Martin,22,0
Monroe,22,5
Nassau,22,0
Okaloosa,22,1
Okeechobee,22,0
Orange,22,22
Osceola,22,9
Palm Beach,22,15
Pasco,22,3
Pinellas,22,5
Polk,22,2
Putnam,22,2
Santa Rosa,22,2
Sarasota,22,2
Seminole,22,7
St. Johns,22,4
St. Lucie,22,3
Sumter,22,2
Suwannee,22,0
Taylor,22,0
Union,22,0
Unknown,22,0
Volusia,22,4
Wakulla,22,0
Walton,22,3
Washington,22,0
Saint Johns,22,0
Saint Lucie,22,0
Florida,22,300
Alachua,23,1
Baker,23,1
Bay,23,2
Bradford,23,0
Brevard,23,1
Broward,23,127
Calhoun,23,0
Charlotte,23,0
Citrus,23,0
Clay,23,4
Collier,23,17
Columbia,23,0
Dade,23,150
Desoto,23,3
Dixie,23,0
Duval,23,8
Escambia,23,4
Flagler,23,1
Franklin,23,0
Gadsden,23,0
Gilchrist,23,0
Glades,23,0
Gulf,23,0
Hamilton,23,0
Hardee,23,0
Hendry,23,0
Hernando,23,0
Highlands,23,1
Hillsborough,23,33
Holmes,23,0
Indian River,23,0
Jackson,23,0
Jefferson,23,0
Lafayette,23,0
Lake,23,4
Lee,23,14
Leon,23,1
Levy,23,0
Liberty,23,0
Madison,23,0
Manatee,23,2
Marion,23,0
Martin,23,3
Monroe,23,5
Nassau,23,3
Okaloosa,23,4
Okeechobee,23,0
Orange,23,26
Osceola,23,5
Palm Beach,23,40
Pasco,23,2
Pinellas,23,10
Polk,23,3
Putnam,23,8
Santa Rosa,23,2
Sarasota,23,7
Seminole,23,5
St. Johns,23,3
St. Lucie,23,1
Sumter,23,8
Suwannee,23,0
Taylor,23,0
Union,23,0
Unknown,23,0
Volusia,23,8
Wakulla,23,0
Walton,23,1
Washington,23,0
Saint Johns,23,0
Saint Lucie,23,0
Florida,23,518
Alachua,24,10
Baker,24,2
Bay,24,0
Bradford,24,0
Brevard,24,3
Broward,24,91
Calhoun,24,0
Charlotte,24,1
Citrus,24,2
Clay,24,5
Collier,24,15
Columbia,24,0
Dade,24,166
Desoto,24,1
Dixie,24,0
Duval,24,20
Escambia,24,4
Flagler,24,5
Franklin,24,0
Gadsden,24,0
Gilchrist,24,0
Glades,24,0
Gulf,24,0
Hamilton,24,0
Hardee,24,0
Hendry,24,0
Hernando,24,1
Highlands,24,0
Hillsborough,24,22
Holmes,24,0
Indian River,24,2
Jackson,24,0
Jefferson,24,0
Lafayette,24,0
Lake,24,4
Lee,24,22
Leon,24,4
Levy,24,0
Liberty,24,0
Madison,24,0
Manatee,24,1
Marion,24,3
Martin,24,7
Monroe,24,3
Nassau,24,1
Okaloosa,24,4
Okeechobee,24,0
Orange,24,41
Osceola,24,10
Palm Beach,24,30
Pasco,24,3
Pinellas,24,18
Polk,24,8
Putnam,24,0
Santa Rosa,24,3
Sarasota,24,3
Seminole,24,13
St. Johns,24,9
St. Lucie,24,4
Sumter,24,9
Suwannee,24,1
Taylor,24,0
Union,24,0
Unknown,24,0
Volusia,24,10
Wakulla,24,0
Walton,24,0
Washington,24,1
Saint Johns,24,0
Saint Lucie,24,0
Florida,24,562
Alachua,25,9
Baker,25,0
Bay,25,2
Bradford,25,0
Brevard,25,10
Broward,25,101
Calhoun,25,0
Charlotte,25,4
Citrus,25,3
Clay,25,3
Collier,25,12
Columbia,25,0
Dade,25,199
Desoto,25,2
Dixie,25,0
Duval,25,24
Escambia,25,6
Flagler,25,3
Franklin,25,0
Gadsden,25,0
Gilchrist,25,0
Glades,25,0
Gulf,25,0
Hamilton,25,0
Hardee,25,0
Hendry,25,0
Hernando,25,4
Highlands,25,5
Hillsborough,25,26
Holmes,25,0
Indian River,25,2
Jackson,25,0
Jefferson,25,0
Lafayette,25,0
Lake,25,6
Lee,25,21
Leon,25,3
Levy,25,1
Liberty,25,0
Madison,25,0
Manatee,25,5
Marion,25,6
Martin,25,8
Monroe,25,5
Nassau,25,2
Okaloosa,25,4
Okeechobee,25,0
Orange,25,49
Osceola,25,13
Palm Beach,25,75
Pasco,25,3
Pinellas,25,13
Polk,25,8
Putnam,25,0
Santa Rosa,25,3
Sarasota,25,13
Seminole,25,12
St. Johns,25,9
St. Lucie,25,7
Sumter,25,3
Suwannee,25,0
Taylor,25,0
Union,25,0
Unknown,25,0
Volusia,25,7
Wakulla,25,0
Walton,25,2
Washington,25,0
Saint Johns,25,0
Saint Lucie,25,0
Florida,25,693
Alachua,26,4
Baker,26,0
Bay,26,1
Bradford,26,0
Brevard,26,3
Broward,26,145
Calhoun,26,0
Charlotte,26,8
Citrus,26,1
Clay,26,1
Collier,26,5
Columbia,26,0
Dade,26,265
Desoto,26,0
Dixie,26,0
Duval,26,16
Escambia,26,1
Flagler,26,1
Franklin,26,0
Gadsden,26,0
Gilchrist,26,0
Glades,26,0
Gulf,26,0
Hamilton,26,0
Hardee,26,0
Hendry,26,1
Hernando,26,1
Highlands,26,0
Hillsborough,26,27
Holmes,26,0
Indian River,26,1
Jackson,26,0
Jefferson,26,0
Lafayette,26,0
Lake,26,6
Lee,26,26
Leon,26,0
Levy,26,0
Liberty,26,0
Madison,26,0
Manatee,26,3
Marion,26,4
Martin,26,4
Monroe,26,2
Nassau,26,0
Okaloosa,26,4
Okeechobee,26,0
Orange,26,29
Osceola,26,19
Palm Beach,26,74
Pasco,26,9
Pinellas,26,19
Polk,26,5
Putnam,26,0
Santa Rosa,26,6
Sarasota,26,2
Seminole,26,15
St. Johns,26,4
St. Lucie,26,2
Sumter,26,7
Suwannee,26,0
Taylor,26,0
Union,26,0
Unknown,26,0
Volusia,26,5
Wakulla,26,0
Walton,26,0
Washington,26,0
Saint Johns,26,0
Saint Lucie,26,0
Florida,26,726
Alachua,27,5
Baker,27,1
Bay,27,0
Bradford,27,1
Brevard,27,1
Broward,27,193
Calhoun,27,0
Charlotte,27,1
Citrus,27,2
Clay,27,10
Collier,27,17
Columbia,27,0
Dade,27,349
Desoto,27,0
Dixie,27,0
Duval,27,20
Escambia,27,8
Flagler,27,0
Franklin,27,0
Gadsden,27,0
Gilchrist,27,0
Glades,27,3
Gulf,27,0
Hamilton,27,0
Hardee,27,0
Hendry,27,2
Hernando,27,6
Highlands,27,2
Hillsborough,27,19
Holmes,27,0
Indian River,27,3
Jackson,27,1
Jefferson,27,0
Lafayette,27,0
Lake,27,8
Lee,27,29
Leon,27,1
Levy,27,1
Liberty,27,0
Madison,27,0
Manatee,27,7
Marion,27,4
Martin,27,2
Monroe,27,2
Nassau,27,1
Okaloosa,27,3
Okeechobee,27,0
Orange,27,50
Osceola,27,11
Palm Beach,27,72
Pasco,27,0
Pinellas,27,10
Polk,27,10
Putnam,27,1
Santa Rosa,27,9
Sarasota,27,10
Seminole,27,13
St. Johns,27,12
St. Lucie,27,1
Sumter,27,5
Suwannee,27,2
Taylor,27,0
Union,27,0
Unknown,27,0
Volusia,27,11
Wakulla,27,1
Walton,27,0
Washington,27,0
Saint Johns,27,0
Saint Lucie,27,0
Florida,27,920
Alachua,28,11
Baker,28,1
Bay,28,1
Bradford,28,0
Brevard,28,5
Broward,28,162
Calhoun,28,0
Charlotte,28,4
Citrus,28,1
Clay,28,1
Collier,28,23
Columbia,28,0
Dade,28,245
Desoto,28,0
Dixie,28,0
Duval,28,26
Escambia,28,50
Flagler,28,2
Franklin,28,0
Gadsden,28,0
Gilchrist,28,0
Glades,28,0
Gulf,28,0
Hamilton,28,0
Hardee,28,1
Hendry,28,0
Hernando,28,1
Highlands,28,3
Hillsborough,28,50
Holmes,28,1
Indian River,28,5
Jackson,28,0
Jefferson,28,0
Lafayette,28,0
Lake,28,8
Lee,28,23
Leon,28,6
Levy,28,0
Liberty,28,0
Madison,28,0
Manatee,28,2
Marion,28,1
Martin,28,2
Monroe,28,2
Nassau,28,2
Okaloosa,28,4
Okeechobee,28,0
Orange,28,53
Osceola,28,15
Palm Beach,28,82
Pasco,28,5
Pinellas,28,15
Polk,28,21
Putnam,28,0
Santa Rosa,28,10
Sarasota,28,11
Seminole,28,11
St. Johns,28,6
St. Lucie,28,9
Sumter,28,6
Suwannee,28,0
Taylor,28,0
Union,28,0
Unknown,28,0
Volusia,28,11
Wakulla,28,0
Walton,28,1
Washington,28,0
Saint Johns,28,0
Saint Lucie,28,0
Florida,28,899
Alachua,29,6
Baker,29,0
Bay,29,2
Bradford,29,1
Brevard,29,4
Broward,29,85
Calhoun,29,1
Charlotte,29,3
Citrus,29,1
Clay,29,10
Collier,29,15
Columbia,29,0
Dade,29,420
Desoto,29,0
Dixie,29,0
Duval,29,48
Escambia,29,6
Flagler,29,2
Franklin,29,0
Gadsden,29,0
Gilchrist,29,0
Glades,29,0
Gulf,29,1
Hamilton,29,0
Hardee,29,0
Hendry,29,1
Hernando,29,3
Highlands,29,3
Hillsborough,29,32
Holmes,29,0
Indian River,29,8
Jackson,29,0
Jefferson,29,0
Lafayette,29,0
Lake,29,11
Lee,29,34
Leon,29,4
Levy,29,0
Liberty,29,0
Madison,29,0
Manatee,29,14
Marion,29,5
Martin,29,1
Monroe,29,1
Nassau,29,2
Okaloosa,29,1
Okeechobee,29,0
Orange,29,31
Osceola,29,6
Palm Beach,29,83
Pasco,29,3
Pinellas,29,33
Polk,29,6
Putnam,29,0
Santa Rosa,29,5
Sarasota,29,9
Seminole,29,12
St. Johns,29,13
St. Lucie,29,8
Sumter,29,2
Suwannee,29,1
Taylor,29,0
Union,29,1
Unknown,29,0
Volusia,29,8
Wakulla,29,0
Walton,29,2
Washington,29,0
Saint Johns,29,0
Saint Lucie,29,0
Florida,29,948
Alachua,30,4
Baker,30,2
Bay,30,5
Bradford,30,0
Brevard,30,10
Broward,30,122
Calhoun,30,0
Charlotte,30,7
Citrus,30,5
Clay,30,9
Collier,30,12
Columbia,30,0
Dade,30,250
Desoto,30,0
Dixie,30,0
Duval,30,52
Escambia,30,2
Flagler,30,7
Franklin,30,1
Gadsden,30,0
Gilchrist,30,0
Glades,30,0
Gulf,30,0
Hamilton,30,0
Hardee,30,1
Hendry,30,0
Hernando,30,6
Highlands,30,3
Hillsborough,30,67
Holmes,30,0
Indian River,30,5
Jackson,30,2
Jefferson,30,0
Lafayette,30,0
Lake,30,12
Lee,30,28
Leon,30,5
Levy,30,0
Liberty,30,0
Madison,30,2
Manatee,30,19
Marion,30,4
Martin,30,4
Monroe,30,6
Nassau,30,3
Okaloosa,30,7
Okeechobee,30,1
Orange,30,116
Osceola,30,35
Palm Beach,30,65
Pasco,30,15
Pinellas,30,65
Polk,30,17
Putnam,30,1
Santa Rosa,30,2
Sarasota,30,20
Seminole,30,29
St. Johns,30,11
St. Lucie,30,7
Sumter,30,8
Suwannee,30,3
Taylor,30,0
Union,30,0
Unknown,30,1
Volusia,30,21
Wakulla,30,1
Walton,30,0
Washington,30,0
Saint Johns,30,0
Saint Lucie,30,0
Florida,30,1080
Alachua,31,12
Baker,31,0
Bay,31,3
Bradford,31,2
Brevard,31,3
Broward,31,162
Calhoun,31,1
Charlotte,31,7
Citrus,31,5
Clay,31,8
Collier,31,24
Columbia,31,1
Dade,31,504
Desoto,31,1
Dixie,31,0
Duval,31,30
Escambia,31,9
Flagler,31,4
Franklin,31,0
Gadsden,31,2
Gilchrist,31,0
Glades,31,0
Gulf,31,0
Hamilton,31,0
Hardee,31,0
Hendry,31,0
Hernando,31,6
Highlands,31,5
Hillsborough,31,38
Holmes,31,0
Indian River,31,6
Jackson,31,0
Jefferson,31,0
Lafayette,31,0
Lake,31,9
Lee,31,39
Leon,31,0
Levy,31,0
Liberty,31,0
Madison,31,0
Manatee,31,17
Marion,31,2
Martin,31,3
Monroe,31,5
Nassau,31,4
Okaloosa,31,6
Okeechobee,31,1
Orange,31,80
Osceola,31,30
Palm Beach,31,146
Pasco,31,12
Pinellas,31,41
Polk,31,19
Putnam,31,0
Santa Rosa,31,1
Sarasota,31,16
Seminole,31,17
St. Johns,31,12
St. Lucie,31,1
Sumter,31,4
Suwannee,31,3
Taylor,31,0
Union,31,0
Unknown,31,0
Volusia,31,13
Wakulla,31,0
Walton,31,1
Washington,31,0
Saint Johns,31,0
Saint Lucie,31,0
Florida,31,1315
Alachua,32,7
Baker,32,0
Bay,32,6
Bradford,32,1
Brevard,32,14
Broward,32,111
Calhoun,32,1
Charlotte,32,4
Citrus,32,5
Clay,32,9
Collier,32,21
Columbia,32,5
Dade,32,531
Desoto,32,3
Dixie,32,1
Duval,32,57
Escambia,32,11
Flagler,32,1
Franklin,32,0
Gadsden,32,0
Gilchrist,32,0
Glades,32,0
Gulf,32,0
Hamilton,32,0
Hardee,32,0
Hendry,32,2
Hernando,32,4
Highlands,32,4
Hillsborough,32,66
Holmes,32,0
Indian River,32,5
Jackson,32,0
Jefferson,32,0
Lafayette,32,0
Lake,32,6
Lee,32,27
Leon,32,7
Levy,32,0
Liberty,32,0
Madison,32,2
Manatee,32,27
Marion,32,5
Martin,32,10
Monroe,32,2
Nassau,32,2
Okaloosa,32,7
Okeechobee,32,0
Orange,32,52
Osceola,32,25
Palm Beach,32,114
Pasco,32,16
Pinellas,32,47
Polk,32,27
Putnam,32,4
Santa Rosa,32,2
Sarasota,32,8
Seminole,32,11
St. Johns,32,16
St. Lucie,32,19
Sumter,32,4
Suwannee,32,7
Taylor,32,0
Union,32,0
Unknown,32,1
Volusia,32,13
Wakulla,32,2
Walton,32,2
Washington,32,0
Saint Johns,32,0
Saint Lucie,32,0
Florida,32,1334
Alachua,33,6
Baker,33,1
Bay,33,0
Bradford,33,1
Brevard,33,10
Broward,33,179
Calhoun,33,0
Charlotte,33,4
Citrus,33,7
Clay,33,7
Collier,33,20
Columbia,33,2
Dade,33,475
Desoto,33,0
Dixie,33,0
Duval,33,46
Escambia,33,8
Flagler,33,0
Franklin,33,1
Gadsden,33,1
Gilchrist,33,0
Glades,33,1
Gulf,33,0
Hamilton,33,0
Hardee,33,1
Hendry,33,1
Hernando,33,1
Highlands,33,5
Hillsborough,33,30
Holmes,33,0
Indian River,33,3
Jackson,33,0
Jefferson,33,1
Lafayette,33,0
Lake,33,8
Lee,33,58
Leon,33,3
Levy,33,0
Liberty,33,0
Madison,33,3
Manatee,33,16
Marion,33,7
Martin,33,16
Monroe,33,3
Nassau,33,1
Okaloosa,33,1
Okeechobee,33,1
Orange,33,60
Osceola,33,16
Palm Beach,33,94
Pasco,33,7
Pinellas,33,16
Polk,33,7
Putnam,33,1
Santa Rosa,33,1
Sarasota,33,9
Seminole,33,15
St. Johns,33,15
St. Lucie,33,14
Sumter,33,5
Suwannee,33,1
Taylor,33,0
Union,33,0
Unknown,33,0
Volusia,33,13
Wakulla,33,2
Walton,33,2
Washington,33,0
Saint Johns,33,0
Saint Lucie,33,0
Florida,33,1206
Alachua,34,8
Baker,34,1
Bay,34,1
Bradford,34,1
Brevard,34,5
Broward,34,102
Calhoun,34,0
Charlotte,34,8
Citrus,34,3
Clay,34,3
Collier,34,15
Columbia,34,2
Dade,34,263
Desoto,34,1
Dixie,34,0
Duval,34,26
Escambia,34,9
Flagler,34,1
Franklin,34,0
Gadsden,34,0
Gilchrist,34,0
Glades,34,0
Gulf,34,0
Hamilton,34,1
Hardee,34,0
Hendry,34,2
Hernando,34,6
Highlands,34,1
Hillsborough,34,34
Holmes,34,0
Indian River,34,5
Jackson,34,0
Jefferson,34,2
Lafayette,34,0
Lake,34,5
Lee,34,24
Leon,34,10
Levy,34,2
Liberty,34,0
Madison,34,3
Manatee,34,9
Marion,34,6
Martin,34,11
Monroe,34,1
Nassau,34,3
Okaloosa,34,4
Okeechobee,34,0
Orange,34,33
Osceola,34,11
Palm Beach,34,48
Pasco,34,11
Pinellas,34,18
Polk,34,19
Putnam,34,0
Santa Rosa,34,7
Sarasota,34,6
Seminole,34,13
St. Johns,34,7
St. Lucie,34,14
Sumter,34,1
Suwannee,34,11
Taylor,34,0
Union,34,1
Unknown,34,0
Volusia,34,12
Wakulla,34,0
Walton,34,0
Washington,34,0
Saint Johns,34,0
Saint Lucie,34,0
Florida,34,790
Alachua,35,5
Baker,35,2
Bay,35,0
Bradford,35,3
Brevard,35,12
Broward,35,185
Calhoun,35,0
Charlotte,35,9
Citrus,35,4
Clay,35,5
Collier,35,14
Columbia,35,2
Dade,35,506
Desoto,35,4
Dixie,35,0
Duval,35,57
Escambia,35,21
Flagler,35,3
Franklin,35,0
Gadsden,35,1
Gilchrist,35,1
Glades,35,0
Gulf,35,0
Hamilton,35,0
Hardee,35,0
Hendry,35,0
Hernando,35,2
Highlands,35,1
Hillsborough,35,40
Holmes,35,1
Indian River,35,3
Jackson,35,0
Jefferson,35,1
Lafayette,35,0
Lake,35,10
Lee,35,24
Leon,35,12
Levy,35,1
Liberty,35,0
Madison,35,1
Manatee,35,5
Marion,35,6
Martin,35,18
Monroe,35,1
Nassau,35,2
Okaloosa,35,6
Okeechobee,35,1
Orange,35,40
Osceola,35,17
Palm Beach,35,70
Pasco,35,10
Pinellas,35,16
Polk,35,21
Putnam,35,0
Santa Rosa,35,8
Sarasota,35,27
Seminole,35,5
St. Johns,35,6
St. Lucie,35,17
Sumter,35,6
Suwannee,35,2
Taylor,35,1
Union,35,0
Unknown,35,0
Volusia,35,6
Wakulla,35,0
Walton,35,3
Washington,35,1
Saint Johns,35,0
Saint Lucie,35,0
Florida,35,1225
Alachua,36,6
Baker,36,0
Bay,36,4
Bradford,36,4
Brevard,36,6
Broward,36,151
Calhoun,36,0
Charlotte,36,13
Citrus,36,6
Clay,36,10
Collier,36,17
Columbia,36,1
Dade,36,447
Desoto,36,0
Dixie,36,0
Duval,36,44
Escambia,36,16
Flagler,36,0
Franklin,36,0
Gadsden,36,3
Gilchrist,36,1
Glades,36,0
Gulf,36,0
Hamilton,36,0
Hardee,36,0
Hendry,36,0
Hernando,36,6
Highlands,36,1
Hillsborough,36,30
Holmes,36,0
Indian River,36,3
Jackson,36,0
Jefferson,36,3
Lafayette,36,0
Lake,36,7
Lee,36,33
Leon,36,6
Levy,36,1
Liberty,36,0
Madison,36,1
Manatee,36,21
Marion,36,8
Martin,36,10
Monroe,36,4
Nassau,36,0
Okaloosa,36,3
Okeechobee,36,1
Orange,36,23
Osceola,36,10
Palm Beach,36,66
Pasco,36,10
Pinellas,36,17
Polk,36,12
Putnam,36,2
Santa Rosa,36,3
Sarasota,36,11
Seminole,36,7
St. Johns,36,5
St. Lucie,36,11
Sumter,36,7
Suwannee,36,14
Taylor,36,0
Union,36,0
Unknown,36,0
Volusia,36,0
Wakulla,36,1
Walton,36,0
Washington,36,0
Saint Johns,36,0
Saint Lucie,36,0
Florida,36,1066
Alachua,37,9
Baker,37,1
Bay,37,2
Bradford,37,4
Brevard,37,7
Broward,37,138
Calhoun,37,1
Charlotte,37,3
Citrus,37,4
Clay,37,6
Collier,37,13
Columbia,37,1
Dade,37,423
Desoto,37,3
Dixie,37,0
Duval,37,41
Escambia,37,12
Flagler,37,2
Franklin,37,0
Gadsden,37,2
Gilchrist,37,1
Glades,37,0
Gulf,37,0
Hamilton,37,0
Hardee,37,0
Hendry,37,2
Hernando,37,4
Highlands,37,6
Hillsborough,37,30
Holmes,37,0
Indian River,37,4
Jackson,37,1
Jefferson,37,1
Lafayette,37,1
Lake,37,12
Lee,37,40
Leon,37,4
Levy,37,0
Liberty,37,0
Madison,37,0
Manatee,37,6
Marion,37,8
Martin,37,6
Monroe,37,3
Nassau,37,3
Okaloosa,37,7
Okeechobee,37,0
Orange,37,70
Osceola,37,27
Palm Beach,37,74
Pasco,37,5
Pinellas,37,19
Polk,37,12
Putnam,37,3
Santa Rosa,37,3
Sarasota,37,12
Seminole,37,18
St. Johns,37,4
St. Lucie,37,6
Sumter,37,11
Suwannee,37,9
Taylor,37,0
Union,37,0
Unknown,37,0
Volusia,37,15
Wakulla,37,0
Walton,37,0
Washington,37,1
Saint Johns,37,0
Saint Lucie,37,0
Florida,37,1100
Alachua,38,14
Baker,38,0
Bay,38,5
Bradford,38,3
Brevard,38,5
Broward,38,129
Calhoun,38,1
Charlotte,38,5
Citrus,38,2
Clay,38,10
Collier,38,25
Columbia,38,3
Dade,38,355
Desoto,38,1
Dixie,38,0
Duval,38,36
Escambia,38,16
Flagler,38,7
Franklin,38,0
Gadsden,38,3
Gilchrist,38,1
Glades,38,0
Gulf,38,0
Hamilton,38,1
Hardee,38,0
Hendry,38,3
Hernando,38,4
Highlands,38,3
Hillsborough,38,22
Holmes,38,0
Indian River,38,0
Jackson,38,0
Jefferson,38,1
Lafayette,38,0
Lake,38,6
Lee,38,49
Leon,38,7
Levy,38,0
Liberty,38,0
Madison,38,2
Manatee,38,20
Marion,38,8
Martin,38,1
Monroe,38,2
Nassau,38,2
Okaloosa,38,3
Okeechobee,38,0
Orange,38,44
Osceola,38,13
Palm Beach,38,113
Pasco,38,11
Pinellas,38,19
Polk,38,26
Putnam,38,4
Santa Rosa,38,31
Sarasota,38,17
Seminole,38,10
St. Johns,38,5
St. Lucie,38,12
Sumter,38,5
Suwannee,38,4
Taylor,38,0
Union,38,0
Unknown,38,0
Volusia,38,9
Wakulla,38,0
Walton,38,1
Washington,38,0
Saint Johns,38,0
Saint Lucie,38,0
Florida,38,1079
Alachua,39,8
Baker,39,1
Bay,39,1
Bradford,39,2
Brevard,39,10
Broward,39,222
Calhoun,39,0
Charlotte,39,23
Citrus,39,6
Clay,39,43
Collier,39,24
Columbia,39,5
Dade,39,441
Desoto,39,0
Dixie,39,1
Duval,39,22
Escambia,39,8
Flagler,39,0
Franklin,39,0
Gadsden,39,1
Gilchrist,39,0
Glades,39,0
Gulf,39,0
Hamilton,39,0
Hardee,39,0
Hendry,39,2
Hernando,39,2
Highlands,39,3
Hillsborough,39,20
Holmes,39,0
Indian River,39,3
Jackson,39,0
Jefferson,39,0
Lafayette,39,0
Lake,39,9
Lee,39,38
Leon,39,30
Levy,39,0
Liberty,39,1
Madison,39,0
Manatee,39,7
Marion,39,2
Martin,39,6
Monroe,39,2
Nassau,39,1
Okaloosa,39,6
Okeechobee,39,0
Orange,39,32
Osceola,39,15
Palm Beach,39,70
Pasco,39,8
Pinellas,39,15
Polk,39,5
Putnam,39,1
Santa Rosa,39,3
Sarasota,39,9
Seminole,39,5
St. Johns,39,3
St. Lucie,39,5
Sumter,39,3
Suwannee,39,8
Taylor,39,0
Union,39,0
Unknown,39,0
Volusia,39,9
Wakulla,39,0
Walton,39,0
Washington,39,0
Saint Johns,39,0
Saint Lucie,39,0
Florida,39,1141
Alachua,40,7
Baker,40,0
Bay,40,0
Bradford,40,4
Brevard,40,5
Broward,40,128
Calhoun,40,0
Charlotte,40,5
Citrus,40,1
Clay,40,5
Collier,40,21
Columbia,40,0
Dade,40,448
Desoto,40,0
Dixie,40,0
Duval,40,26
Escambia,40,15
Flagler,40,0
Franklin,40,0
Gadsden,40,2
Gilchrist,40,0
Glades,40,0
Gulf,40,0
Hamilton,40,0
Hardee,40,0
Hendry,40,2
Hernando,40,4
Highlands,40,4
Hillsborough,40,54
Holmes,40,0
Indian River,40,4
Jackson,40,1
Jefferson,40,3
Lafayette,40,0
Lake,40,1
Lee,40,31
Leon,40,3
Levy,40,2
Liberty,40,0
Madison,40,0
Manatee,40,20
Marion,40,8
Martin,40,4
Monroe,40,3
Nassau,40,0
Okaloosa,40,5
Okeechobee,40,0
Orange,40,36
Osceola,40,8
Palm Beach,40,181
Pasco,40,8
Pinellas,40,10
Polk,40,6
Putnam,40,6
Santa Rosa,40,2
Sarasota,40,8
Seminole,40,13
St. Johns,40,4
St. Lucie,40,2
Sumter,40,1
Suwannee,40,1
Taylor,40,0
Union,40,0
Unknown,40,0
Volusia,40,7
Wakulla,40,0
Walton,40,2
Washington,40,1
Saint Johns,40,0
Saint Lucie,40,0
Florida,40,1112
Alachua,41,1
Baker,41,0
Bay,41,2
Bradford,41,2
Brevard,41,8
Broward,41,111
Calhoun,41,0
Charlotte,41,2
Citrus,41,4
Clay,41,1
Collier,41,10
Columbia,41,1
Dade,41,293
Desoto,41,2
Dixie,41,0
Duval,41,29
Escambia,41,13
Flagler,41,0
Franklin,41,0
Gadsden,41,16
Gilchrist,41,0
Glades,41,0
Gulf,41,0
Hamilton,41,0
Hardee,41,0
Hendry,41,2
Hernando,41,2
Highlands,41,4
Hillsborough,41,34
Holmes,41,0
Indian River,41,1
Jackson,41,0
Jefferson,41,0
Lafayette,41,0
Lake,41,4
Lee,41,20
Leon,41,32
Levy,41,0
Liberty,41,0
Madison,41,0
Manatee,41,24
Marion,41,2
Martin,41,3
Monroe,41,3
Nassau,41,1
Okaloosa,41,7
Okeechobee,41,0
Orange,41,64
Osceola,41,6
Palm Beach,41,55
Pasco,41,9
Pinellas,41,18
Polk,41,10
Putnam,41,8
Santa Rosa,41,3
Sarasota,41,9
Seminole,41,13
St. Johns,41,4
St. Lucie,41,8
Sumter,41,0
Suwannee,41,0
Taylor,41,0
Union,41,0
Unknown,41,0
Volusia,41,8
Wakulla,41,4
Walton,41,0
Washington,41,0
Saint Johns,41,0
Saint Lucie,41,0
Florida,41,853
Alachua,42,5
Baker,42,0
Bay,42,1
Bradford,42,0
Brevard,42,7
Broward,42,143
Calhoun,42,0
Charlotte,42,3
Citrus,42,1
Clay,42,1
Collier,42,10
Columbia,42,1
Dade,42,127
Desoto,42,0
Dixie,42,0
Duval,42,13
Escambia,42,2
Flagler,42,0
Franklin,42,0
Gadsden,42,4
Gilchrist,42,0
Glades,42,1
Gulf,42,0
Hamilton,42,0
Hardee,42,0
Hendry,42,1
Hernando,42,0
Highlands,42,2
Hillsborough,42,16
Holmes,42,0
Indian River,42,0
Jackson,42,0
Jefferson,42,0
Lafayette,42,0
Lake,42,3
Lee,42,10
Leon,42,4
Levy,42,0
Liberty,42,0
Madison,42,0
Manatee,42,3
Marion,42,2
Martin,42,1
Monroe,42,1
Nassau,42,0
Okaloosa,42,1
Okeechobee,42,0
Orange,42,16
Osceola,42,6
Palm Beach,42,30
Pasco,42,2
Pinellas,42,2
Polk,42,5
Putnam,42,0
Santa Rosa,42,2
Sarasota,42,1
Seminole,42,1
St. Johns,42,1
St. Lucie,42,0
Sumter,42,1
Suwannee,42,0
Taylor,42,0
Union,42,0
Unknown,42,0
Volusia,42,5
Wakulla,42,0
Walton,42,0
Washington,42,0
Saint Johns,42,0
Saint Lucie,42,0
Florida,42,435
